{
  "BTCUSDT": {
    "n_casc": 1378,
    "n_ctrl": 13780,
    "net_1m": {
      "casc_mean": -0.002456084734050219,
      "ctrl_mean": -0.002078960659504694,
      "diff_mean": -0.0003771240745455251,
      "CI": [
        -0.0005416862635469268,
        -0.0002120267084366456
      ],
      "n_casc": 1378,
      "n_ctrl": 13780
    },
    "surv_1m": {
      "casc_mean": 0.10740203193033382,
      "ctrl_mean": 0.01618287373004354,
      "diff_mean": 0.09121915820029028,
      "CI": [
        0.07498216457151713,
        0.10871812380807705
      ],
      "n_casc": 1378,
      "n_ctrl": 13780
    },
    "net_3m": {
      "casc_mean": -0.002497476959962595,
      "ctrl_mean": -0.002104516166331925,
      "diff_mean": -0.0003929607936306698,
      "CI": [
        -0.0006223687614772546,
        -0.00016517912378728343
      ],
      "n_casc": 1378,
      "n_ctrl": 13780
    },
    "surv_3m": {
      "casc_mean": 0.18650217706821481,
      "ctrl_mean": 0.05406386066763425,
      "diff_mean": 0.13243831640058057,
      "CI": [
        0.1111702739188548,
        0.15454497654919364
      ],
      "n_casc": 1378,
      "n_ctrl": 13780
    },
    "net_5m": {
      "casc_mean": -0.0024922279971359906,
      "ctrl_mean": -0.00212616175134868,
      "diff_mean": -0.0003660662457873106,
      "CI": [
        -0.0006172937971027447,
        -0.00011462520265078367
      ],
      "n_casc": 1378,
      "n_ctrl": 13780
    },
    "surv_5m": {
      "casc_mean": 0.21770682148040638,
      "ctrl_mean": 0.08272859216255443,
      "diff_mean": 0.13497822931785194,
      "CI": [
        0.1130571100601555,
        0.15770275875949077
      ],
      "n_casc": 1378,
      "n_ctrl": 13780
    }
  },
  "ETHUSDT": {
    "n_casc": 1757,
    "n_ctrl": 17570,
    "net_1m": {
      "casc_mean": -0.0024655729879085736,
      "ctrl_mean": -0.002088467983124476,
      "diff_mean": -0.00037710500478409757,
      "CI": [
        -0.0005244651335710665,
        -0.00022641760971970913
      ],
      "n_casc": 1757,
      "n_ctrl": 17570
    },
    "surv_1m": {
      "casc_mean": 0.09789413773477519,
      "ctrl_mean": 0.01707455890722823,
      "diff_mean": 0.08081957882754696,
      "CI": [
        0.06657468064598526,
        0.095329582992139
      ],
      "n_casc": 1757,
      "n_ctrl": 17570
    },
    "net_3m": {
      "casc_mean": -0.002510753270773073,
      "ctrl_mean": -0.0020772527886096983,
      "diff_mean": -0.0004335004821633746,
      "CI": [
        -0.000638560547925425,
        -0.00023028897065500444
      ],
      "n_casc": 1757,
      "n_ctrl": 17570
    },
    "surv_3m": {
      "casc_mean": 0.19635742743312465,
      "ctrl_mean": 0.0630620375640296,
      "diff_mean": 0.13329538986909506,
      "CI": [
        0.11470491774985939,
        0.1524792280006483
      ],
      "n_casc": 1757,
      "n_ctrl": 17570
    },
    "net_5m": {
      "casc_mean": -0.0025009079812625943,
      "ctrl_mean": -0.0020637756799277043,
      "diff_mean": -0.00043713230133489,
      "CI": [
        -0.0006654475126032405,
        -0.000213932877577385
      ],
      "n_casc": 1757,
      "n_ctrl": 17570
    },
    "surv_5m": {
      "casc_mean": 0.22879908935685828,
      "ctrl_mean": 0.09823562891291975,
      "diff_mean": 0.13056346044393852,
      "CI": [
        0.1110329636846046,
        0.1504234326637845
      ],
      "n_casc": 1757,
      "n_ctrl": 17570
    }
  },
  "VEREDICTO": {
    "BTCUSDT": "MUERE",
    "ETHUSDT": "MUERE"
  }
}