{
  "BTCUSDT": {
    "n_casc": 74,
    "n_ctrl": 740,
    "net_1m": {
      "casc_mean": -0.002156965446486447,
      "ctrl_mean": -0.0022100576465986185,
      "diff_mean": 5.3092200112171434e-05,
      "CI": [
        -0.000668366872705589,
        0.0008039138140591829
      ],
      "n_casc": 74,
      "n_ctrl": 740
    },
    "surv_1m": {
      "casc_mean": 0.13513513513513514,
      "ctrl_mean": 0.03513513513513514,
      "diff_mean": 0.1,
      "CI": [
        0.02594663516493165,
        0.18383130078091306
      ],
      "n_casc": 74,
      "n_ctrl": 740
    },
    "net_3m": {
      "casc_mean": -0.002629268484471155,
      "ctrl_mean": -0.0021966575002882213,
      "diff_mean": -0.0004326109841829339,
      "CI": [
        -0.0013176820262747533,
        0.0004216291573332329
      ],
      "n_casc": 74,
      "n_ctrl": 740
    },
    "surv_3m": {
      "casc_mean": 0.25675675675675674,
      "ctrl_mean": 0.12567567567567567,
      "diff_mean": 0.13108108108108107,
      "CI": [
        0.027288915235413068,
        0.23913057947207433
      ],
      "n_casc": 74,
      "n_ctrl": 740
    },
    "net_5m": {
      "casc_mean": -0.0023672170970367645,
      "ctrl_mean": -0.002180550381514397,
      "diff_mean": -0.0001866667155223673,
      "CI": [
        -0.0015049344385844182,
        0.0012483385987831573
      ],
      "n_casc": 74,
      "n_ctrl": 740
    },
    "surv_5m": {
      "casc_mean": 0.2702702702702703,
      "ctrl_mean": 0.1864864864864865,
      "diff_mean": 0.08378378378378379,
      "CI": [
        -0.019253084551965016,
        0.19140162346317646
      ],
      "n_casc": 74,
      "n_ctrl": 740
    }
  },
  "ETHUSDT": {
    "n_casc": 101,
    "n_ctrl": 1010,
    "net_1m": {
      "casc_mean": -0.002798798342513957,
      "ctrl_mean": -0.002159076124385481,
      "diff_mean": -0.0006397222181284763,
      "CI": [
        -0.00117354657976581,
        -0.00016620712838236694
      ],
      "n_casc": 101,
      "n_ctrl": 1010
    },
    "surv_1m": {
      "casc_mean": 0.0594059405940594,
      "ctrl_mean": 0.03663366336633663,
      "diff_mean": 0.02277227722772277,
      "CI": [
        -0.017298817599588373,
        0.06740974863040834
      ],
      "n_casc": 101,
      "n_ctrl": 1010
    },
    "net_3m": {
      "casc_mean": -0.0033817747952234146,
      "ctrl_mean": -0.002218575514334576,
      "diff_mean": -0.0011631992808888384,
      "CI": [
        -0.0021902364604067717,
        -0.0002266863904814108
      ],
      "n_casc": 101,
      "n_ctrl": 1010
    },
    "surv_3m": {
      "casc_mean": 0.21782178217821782,
      "ctrl_mean": 0.11188118811881188,
      "diff_mean": 0.10594059405940594,
      "CI": [
        0.02494267939660438,
        0.18538585497623342
      ],
      "n_casc": 101,
      "n_ctrl": 1010
    },
    "net_5m": {
      "casc_mean": -0.003375553796194282,
      "ctrl_mean": -0.0022904181153424446,
      "diff_mean": -0.0010851356808518372,
      "CI": [
        -0.0023600641493416227,
        6.22090634161617e-05
      ],
      "n_casc": 101,
      "n_ctrl": 1010
    },
    "surv_5m": {
      "casc_mean": 0.22772277227722773,
      "ctrl_mean": 0.1485148514851485,
      "diff_mean": 0.07920792079207922,
      "CI": [
        -0.005024719922781391,
        0.16604788630429074
      ],
      "n_casc": 101,
      "n_ctrl": 1010
    }
  },
  "VEREDICTO": {
    "BTCUSDT": "MUERE",
    "ETHUSDT": "MUERE"
  }
}